id,name,class
Aaron_Peirsol_0004,Aaron_Peirsol,5
Aaron_Sorkin_0001,Aaron_Sorkin,7
Abdel_Nasser_Assidi_0002,Abdel_Nasser_Assidi,13
Abdul_Majeed_Shobokshi_0001,Abdul_Majeed_Shobokshi,15
Abdul_Rahman_0001,Abdul_Rahman,16
Abdulaziz_Kamilov_0001,Abdulaziz_Kamilov,17
Abdullah_0002,Abdullah,18
Abdullah_Nasseef_0001,Abdullah_Nasseef,21
Abdullatif_Sener_0002,Abdullatif_Sener,23
Adam_Freier_0001,Adam_Freier,31
Adriana_Perez_Navarro_0001,Adriana_Perez_Navarro,50
Ahmad_Masood_0001,Ahmad_Masood,58
Ahmed_Chalabi_0002,Ahmed_Chalabi,60
Ahmed_Qureia_0001,Ahmed_Qureia,64
Ai_Sugiyama_0004,Ai_Sugiyama,67
Ai_Sugiyama_0005,Ai_Sugiyama,67
Al_Davis_0001,Al_Davis,83
Al_Gore_0002,Al_Gore,84
Al_Gore_0003,Al_Gore,84
Al_Leiter_0001,Al_Leiter,85
Al_Sharpton_0004,Al_Sharpton,87
Alanis_Morissette_0001,Alanis_Morissette,101
Alec_Baldwin_0001,Alec_Baldwin,118
Alec_Baldwin_0002,Alec_Baldwin,118
Alecos_Markides_0001,Alecos_Markides,119
Alejandro_Lembo_0001,Alejandro_Lembo,124
Alejandro_Lerner_0001,Alejandro_Lerner,125
Alejandro_Toledo_0008,Alejandro_Toledo,127
Alejandro_Toledo_0017,Alejandro_Toledo,127
Alejandro_Toledo_0019,Alejandro_Toledo,127
Alejandro_Toledo_0023,Alejandro_Toledo,127
Alejandro_Toledo_0039,Alejandro_Toledo,127
Aleksander_Kwasniewski_0001,Aleksander_Kwasniewski,129
Alex_Cabrera_0001,Alex_Cabrera,134
Alex_Cejka_0001,Alex_Cejka,135
Alex_Ferguson_0001,Alex_Ferguson,137
Alex_Holmes_0001,Alex_Holmes,139
Alexander_Lukashenko_0001,Alexander_Lukashenko,150
Alexandra_Rozovskaya_0001,Alexandra_Rozovskaya,155
Alexandre_Despatie_0001,Alexandre_Despatie,160
Alfred_Ford_0001,Alfred_Ford,168
Alistair_MacDonald_0001,Alistair_MacDonald,195
Allan_Houston_0001,Allan_Houston,196
Allen_Iverson_0001,Allen_Iverson,199
Allen_Rock_0001,Allen_Rock,200
Allyson_Felix_0004,Allyson_Felix,204
Allyson_Felix_0005,Allyson_Felix,204
Alma_Powell_0001,Alma_Powell,205
Alvaro_Noboa_0002,Alvaro_Noboa,208
Alvaro_Silva_Calderon_0003,Alvaro_Silva_Calderon,209
Alvaro_Uribe_0007,Alvaro_Uribe,210
Alvaro_Uribe_0011,Alvaro_Uribe,210
Alvaro_Uribe_0012,Alvaro_Uribe,210
Alvaro_Uribe_0019,Alvaro_Uribe,210
Alvaro_Uribe_0028,Alvaro_Uribe,210
Amanda_Bynes_0001,Amanda_Bynes,215
Amber_Tamblyn_0002,Amber_Tamblyn,220
Amelie_Mauresmo_0008,Amelie_Mauresmo,223
Ana_Guevara_0001,Ana_Guevara,237
Ana_Palacio_0001,Ana_Palacio,239
Andre_Agassi_0005,Andre_Agassi,248
Andrei_Konchalovsky_0001,Andrei_Konchalovsky,258
Andres_Manuel_Lopez_Obrador_0001,Andres_Manuel_Lopez_Obrador,262
Andrew_Weissmann_0002,Andrew_Weissmann,276
Andy_Bryant_0001,Andy_Bryant,280
Andy_Griggs_0001,Andy_Griggs,285
Angela_Bassett_0001,Angela_Bassett,299
Angela_Bassett_0006,Angela_Bassett,299
Angela_Merkel_0002,Angela_Merkel,302
Angelica_Romero_0001,Angelica_Romero,303
Angelina_Jolie_0002,Angelina_Jolie,304
Angelina_Jolie_0017,Angelina_Jolie,304
Angie_Martinez_0001,Angie_Martinez,308
Anil_Ramsook_0001,Anil_Ramsook,310
Ann_Godbehere_0001,Ann_Godbehere,314
Antonio_Bernardo_0001,Antonio_Bernardo,355
Antonio_Palocci_0005,Antonio_Palocci,359
Antony_Leung_0003,Antony_Leung,361
Ari_Fleischer_0012,Ari_Fleischer,370
Ariel_Sharon_0007,Ariel_Sharon,373
Ariel_Sharon_0010,Ariel_Sharon,373
Ariel_Sharon_0011,Ariel_Sharon,373
Ariel_Sharon_0014,Ariel_Sharon,373
Ariel_Sharon_0019,Ariel_Sharon,373
Ariel_Sharon_0022,Ariel_Sharon,373
Ariel_Sharon_0032,Ariel_Sharon,373
Ariel_Sharon_0040,Ariel_Sharon,373
Ariel_Sharon_0041,Ariel_Sharon,373
Ariel_Sharon_0043,Ariel_Sharon,373
Ariel_Sharon_0050,Ariel_Sharon,373
Ariel_Sharon_0059,Ariel_Sharon,373
Ariel_Sharon_0068,Ariel_Sharon,373
Ariel_Sharon_0073,Ariel_Sharon,373
Arnaud_Lagardere_0001,Arnaud_Lagardere,382
Arnold_Palmer_0003,Arnold_Palmer,384
Arnold_Schwarzenegger_0004,Arnold_Schwarzenegger,385
Arnold_Schwarzenegger_0014,Arnold_Schwarzenegger,385
Arnold_Schwarzenegger_0017,Arnold_Schwarzenegger,385
Arnold_Schwarzenegger_0024,Arnold_Schwarzenegger,385
Arnold_Schwarzenegger_0026,Arnold_Schwarzenegger,385
Arnold_Schwarzenegger_0039,Arnold_Schwarzenegger,385
Art_Howe_0001,Art_Howe,392
Arthur_Johnson_0001,Arthur_Johnson,394
Ashanti_0003,Ashanti,401
Ashley_Olsen_0001,Ashley_Olsen,404
Atal_Bihari_Vajpayee_0006,Atal_Bihari_Vajpayee,417
Atal_Bihari_Vajpayee_0012,Atal_Bihari_Vajpayee,417
Atal_Bihari_Vajpayee_0019,Atal_Bihari_Vajpayee,417
Augusto_Pinochet_0002,Augusto_Pinochet,425
Baburam_Bhattari_0001,Baburam_Bhattari,435
Barbara_Brezigar_0002,Barbara_Brezigar,441
Barry_Alvarez_0001,Barry_Alvarez,450
Ben_Curtis_0001,Ben_Curtis,479
Benazir_Bhutto_0002,Benazir_Bhutto,487
Benjamin_McKenzie_0001,Benjamin_McKenzie,494
Benjamin_Netanyahu_0003,Benjamin_Netanyahu,495
Benjamin_Netanyahu_0005,Benjamin_Netanyahu,495
Bernard_Law_0004,Bernard_Law,502
Bernard_Law_0005,Bernard_Law,502
Bernard_Lord_0001,Bernard_Lord,503
Bertie_Ahern_0005,Bertie_Ahern,507
Bertrand_Bonello_0001,Bertrand_Bonello,508
Beth_Jones_0002,Beth_Jones,511
Bill_Belichick_0001,Bill_Belichick,523
Bill_Clancy_0001,Bill_Clancy,530
Bill_Clinton_0019,Bill_Clinton,531
Bill_Clinton_0021,Bill_Clinton,531
Bill_Clinton_0022,Bill_Clinton,531
Bill_Clinton_0027,Bill_Clinton,531
Bill_Fennelly_0001,Bill_Fennelly,536
Bill_Frist_0004,Bill_Frist,537
Bill_Frist_0005,Bill_Frist,537
Bill_Gates_0006,Bill_Gates,538
Bill_Graham_0004,Bill_Graham,539
Bill_Guerin_0001,Bill_Guerin,540
Bill_Nelson_0001,Bill_Nelson,550
Bill_Simon_0004,Bill_Simon,560
Billy_Crystal_0002,Billy_Crystal,570
Bob_Graham_0003,Bob_Graham,600
Bob_Hope_0006,Bob_Hope,606
Bob_Huggins_0003,Bob_Huggins,607
Bob_Huggins_0004,Bob_Huggins,607
Bob_Melvin_0001,Bob_Melvin,610
Bob_Stoops_0004,Bob_Stoops,615
Bobo_Balde_0001,Bobo_Balde,624
Bonnie_Hunt_0001,Bonnie_Hunt,627
Boris_Berezovsky_0002,Boris_Berezovsky,630
Brad_Johnson_0001,Brad_Johnson,641
Brandon_Fails_0001,Brandon_Fails,650
Brandon_Inge_0001,Brandon_Inge,652
Brandon_Jones_0001,Brandon_Jones,653
Brandon_Knight_0001,Brandon_Knight,654
Brandon_Robinson_0001,Brandon_Robinson,657
Brian_Cowen_0001,Brian_Cowen,680
Brian_Florence_0001,Brian_Florence,682
Brian_Kerr_0001,Brian_Kerr,689
Brian_Lara_0001,Brian_Lara,690
Brian_Mulroney_0001,Brian_Mulroney,693
Bruce_Springsteen_0003,Bruce_Springsteen,718
Bruce_Willis_0001,Bruce_Willis,721
Calbert_Cheaney_0001,Calbert_Cheaney,743
Calista_Flockhart_0001,Calista_Flockhart,744
Camille_Lewis_0001,Camille_Lewis,750
Candie_Kung_0004,Candie_Kung,755
Carla_Del_Ponte_0005,Carla_Del_Ponte,763
Carlos_Alberto_0001,Carlos_Alberto,772
Carlos_Bianchi_0002,Carlos_Bianchi,778
Carlos_Juarez_0001,Carlos_Juarez,783
Carlos_Manuel_Pruneda_0002,Carlos_Manuel_Pruneda,785
Carlos_Moya_0007,Carlos_Moya,788
Carlos_Moya_0014,Carlos_Moya,788
Carlos_Vives_0002,Carlos_Vives,797
Carlos_Vives_0004,Carlos_Vives,797
Carlton_Baugh_0001,Carlton_Baugh,798
Carly_Fiorina_0001,Carly_Fiorina,800
Carol_Moseley_Braun_0001,Carol_Moseley_Braun,805
Carson_Palmer_0002,Carson_Palmer,819
Cass_Ballenger_0001,Cass_Ballenger,822
Cate_Blanchett_0003,Cate_Blanchett,825
Catherine_Deneuve_0002,Catherine_Deneuve,827
Catherine_Zeta-Jones_0004,Catherine_Zeta-Jones,831
Catherine_Zeta-Jones_0009,Catherine_Zeta-Jones,831
Celso_Amorim_0002,Celso_Amorim,844
Cesar_Gaviria_0004,Cesar_Gaviria,847
Chan_Gailey_0003,Chan_Gailey,853
Chanda_Rubin_0005,Chanda_Rubin,856
Chante_Jawan_Mallard_0001,Chante_Jawan_Mallard,863
Charles_Cope_0001,Charles_Cope,869
Charles_Mathews_0001,Charles_Mathews,875
Charles_Mathews_0002,Charles_Mathews,875
Charles_Tannok_0001,Charles_Tannok,882
Charlie_Garner_0001,Charlie_Garner,887
Charlie_Williams_0001,Charlie_Williams,890
Charlotte_Casiraghi_0001,Charlotte_Casiraghi,893
Charlotte_Chambers_0001,Charlotte_Chambers,894
Charlotte_Rampling_0001,Charlotte_Rampling,896
Charlton_Heston_0006,Charlton_Heston,897
Charmaine_Crooks_0001,Charmaine_Crooks,898
Cheryl_Ford_0001,Cheryl_Ford,908
Choi_Sung-hong_0001,Choi_Sung-hong,924
Choi_Sung-hong_0005,Choi_Sung-hong,924
Chris_Dodd_0001,Chris_Dodd,937
Chris_Pronger_0001,Chris_Pronger,948
Christian_Fittipaldi_0002,Christian_Fittipaldi,958
Christina_Aguilera_0002,Christina_Aguilera,969
Christine_Todd_Whitman_0002,Christine_Todd_Whitman,976
Christy_Ferer_0001,Christy_Ferer,987
Ciro_Gomes_0002,Ciro_Gomes,1007
Ciro_Gomes_0004,Ciro_Gomes,1007
Claire_Danes_0001,Claire_Danes,1008
Clara_Harris_0002,Clara_Harris,1013
Claudia_Pechstein_0005,Claudia_Pechstein,1021
Clay_Campbell_0001,Clay_Campbell,1028
Clifford_Etienne_0001,Clifford_Etienne,1031
Colin_Montgomerie_0005,Colin_Montgomerie,1045
Colin_Phillips_0001,Colin_Phillips,1046
Colin_Powell_0004,Colin_Powell,1047
Colin_Powell_0005,Colin_Powell,1047
Colin_Powell_0008,Colin_Powell,1047
Colin_Powell_0012,Colin_Powell,1047
Colin_Powell_0029,Colin_Powell,1047
Colin_Powell_0030,Colin_Powell,1047
Colin_Powell_0034,Colin_Powell,1047
Colin_Powell_0058,Colin_Powell,1047
Colin_Powell_0069,Colin_Powell,1047
Colin_Powell_0085,Colin_Powell,1047
Colin_Powell_0111,Colin_Powell,1047
Colin_Powell_0113,Colin_Powell,1047
Colin_Powell_0123,Colin_Powell,1047
Colin_Powell_0129,Colin_Powell,1047
Colin_Powell_0132,Colin_Powell,1047
Colin_Powell_0134,Colin_Powell,1047
Colin_Powell_0138,Colin_Powell,1047
Colin_Powell_0140,Colin_Powell,1047
Colin_Powell_0143,Colin_Powell,1047
Colin_Powell_0150,Colin_Powell,1047
Colin_Powell_0162,Colin_Powell,1047
Colin_Powell_0163,Colin_Powell,1047
Colin_Powell_0176,Colin_Powell,1047
Colin_Powell_0178,Colin_Powell,1047
Colin_Powell_0196,Colin_Powell,1047
Colin_Powell_0203,Colin_Powell,1047
Colin_Powell_0208,Colin_Powell,1047
Colin_Powell_0210,Colin_Powell,1047
Colleen_Jones_0001,Colleen_Jones,1051
Cristina_Fernandez_0001,Cristina_Fernandez,1087
Curt_Weldon_0001,Curt_Weldon,1093
Daja_Bedanova_0001,Daja_Bedanova,1105
Dan_LaCoutre_0001,Dan_LaCoutre,1123
Dan_Wheldon_0002,Dan_Wheldon,1130
Dana_Vollmer_0001,Dana_Vollmer,1131
Daniel_Chin_0001,Daniel_Chin,1134
Daniel_Ortega_0001,Daniel_Ortega,1142
Daniele_Nardello_0001,Daniele_Nardello,1154
Danielle_Spencer_0001,Danielle_Spencer,1156
Danny_Elfman_0001,Danny_Elfman,1160
Danny_Glover_0001,Danny_Glover,1161
Darrell_Porter_0001,Darrell_Porter,1175
Darren_Clarke_0001,Darren_Clarke,1178
Daryl_Parks_0001,Daryl_Parks,1184
David_Beckham_0014,David_Beckham,1207
David_Beckham_0020,David_Beckham,1207
David_Beckham_0029,David_Beckham,1207
David_Dodge_0002,David_Dodge,1225
David_Nalbandian_0004,David_Nalbandian,1252
David_Nalbandian_0010,David_Nalbandian,1252
David_Sibleyk_0001,David_Sibleyk,1260
Dean_Barkley_0004,Dean_Barkley,1278
Debra_Messing_0001,Debra_Messing,1285
Dennis_Hastert_0005,Dennis_Hastert,1306
Dennis_Hastert_0006,Dennis_Hastert,1306
Denzel_Washington_0001,Denzel_Washington,1314
Denzel_Washington_0005,Denzel_Washington,1314
Dewayne_White_0001,Dewayne_White,1331
Diana_Taurasi_0002,Diana_Taurasi,1338
Din_Samsudin_0001,Din_Samsudin,1363
Dominique_de_Villepin_0001,Dominique_de_Villepin,1383
Dominique_de_Villepin_0015,Dominique_de_Villepin,1383
Don_Flanagan_0001,Don_Flanagan,1386
Donald_Pettit_0001,Donald_Pettit,1402
Donald_Rumsfeld_0004,Donald_Rumsfeld,1404
Donald_Rumsfeld_0013,Donald_Rumsfeld,1404
Donald_Rumsfeld_0019,Donald_Rumsfeld,1404
Donald_Rumsfeld_0021,Donald_Rumsfeld,1404
Donald_Rumsfeld_0037,Donald_Rumsfeld,1404
Donald_Rumsfeld_0057,Donald_Rumsfeld,1404
Donald_Rumsfeld_0083,Donald_Rumsfeld,1404
Donald_Rumsfeld_0085,Donald_Rumsfeld,1404
Donald_Rumsfeld_0099,Donald_Rumsfeld,1404
Donald_Rumsfeld_0102,Donald_Rumsfeld,1404
Donald_Rumsfeld_0103,Donald_Rumsfeld,1404
Donald_Rumsfeld_0115,Donald_Rumsfeld,1404
Donald_Rumsfeld_0118,Donald_Rumsfeld,1404
Donatella_Versace_0001,Donatella_Versace,1406
Doug_Christie_0001,Doug_Christie,1423
Doug_Collins_0002,Doug_Collins,1424
Dustin_Hoffman_0001,Dustin_Hoffman,1447
Earl_Counter_0001,Earl_Counter,1457
Ed_Smart_0001,Ed_Smart,1465
Eddy_Hartenstein_0001,Eddy_Hartenstein,1475
Eddy_Merckx_0001,Eddy_Merckx,1476
Edie_Falco_0001,Edie_Falco,1478
Edmund_Hillary_0003,Edmund_Hillary,1481
Edmund_Stoiber_0001,Edmund_Stoiber,1482
Edmund_Stoiber_0011,Edmund_Stoiber,1482
Edmund_Stoiber_0013,Edmund_Stoiber,1482
Eduardo_Duhalde_0009,Eduardo_Duhalde,1487
Eduardo_Romero_0001,Eduardo_Romero,1489
Edward_Arsenault_0001,Edward_Arsenault,1491
Edward_James_Olmos_0002,Edward_James_Olmos,1497
Edward_Kennedy_0001,Edward_Kennedy,1499
Edward_Lu_0001,Edward_Lu,1501
Edward_Lu_0002,Edward_Lu,1501
Edward_Lu_0004,Edward_Lu,1501
Edward_Lu_0006,Edward_Lu,1501
Edward_Seaga_0001,Edward_Seaga,1504
Efrain_Rios_Montt_0001,Efrain_Rios_Montt,1507
Eladio_Larez_0001,Eladio_Larez,1515
Elena_Bovina_0002,Elena_Bovina,1519
Elizabeth_Dole_0001,Elizabeth_Dole,1541
Elizabeth_Dole_0003,Elizabeth_Dole,1541
Elizabeth_Taylor_0002,Elizabeth_Taylor,1548
Ellen_DeGeneres_0001,Ellen_DeGeneres,1550
Ellen_Engleman_0002,Ellen_Engleman,1551
Elton_John_0004,Elton_John,1561
Elvis_Presley_0001,Elvis_Presley,1564
Emily_Robison_0002,Emily_Robison,1573
Emmanuelle_Beart_0002,Emmanuelle_Beart,1581
Enrique_Medina_Gomez_0001,Enrique_Medina_Gomez,1593
Eric_Benet_0001,Eric_Benet,1596
Eric_Robert_Rudolph_0001,Eric_Robert_Rudolph,1606
Erick_Barkley_0001,Erick_Barkley,1616
Erika_Harold_0002,Erika_Harold,1619
Erin_Hershey_Presley_0001,Erin_Hershey_Presley,1623
Ernesto_Zedillo_0002,Ernesto_Zedillo,1626
Ernie_Eves_0001,Ernie_Eves,1628
Ethan_Hawke_0003,Ethan_Hawke,1643
Eva_Marie_Saint_0001,Eva_Marie_Saint,1652
Eve_Ensler_0001,Eve_Ensler,1657
Fabian_Vargas_0001,Fabian_Vargas,1664
Fabrice_Santoro_0001,Fabrice_Santoro,1666
Fayssal_Mekdad_0004,Fayssal_Mekdad,1679
Federico_Trillo_0001,Federico_Trillo,1683
Feliciano_Lopez_0001,Feliciano_Lopez,1684
Felix_Doh_0001,Felix_Doh,1689
Fernando_Gonzalez_0002,Fernando_Gonzalez,1695
Fernando_Henrique_Cardoso_0001,Fernando_Henrique_Cardoso,1696
Fernando_Henrique_Cardoso_0002,Fernando_Henrique_Cardoso,1696
Fidel_Castro_0005,Fidel_Castro,1704
Fidel_Castro_0008,Fidel_Castro,1704
Fidel_Castro_0016,Fidel_Castro,1704
Fidel_Castro_0018,Fidel_Castro,1704
Flor_Montulo_0002,Flor_Montulo,1712
Florencia_Macri_0001,Florencia_Macri,1715
Fran_Drescher_0002,Fran_Drescher,1718
Francis_Crick_0001,Francis_Crick,1722
Francis_Mer_0001,Francis_Mer,1725
Francis_Ricciardone_0001,Francis_Ricciardone,1726
Francisco_Flores_0001,Francisco_Flores,1727
Franck_Cerutti_0001,Franck_Cerutti,1732
Frank_Cassell_0003,Frank_Cassell,1742
Frank_Lautenberg_0001,Frank_Lautenberg,1749
Franz_Beckenbauer_0001,Franz_Beckenbauer,1765
Franz_Fischler_0001,Franz_Fischler,1766
Fred_Durst_0001,Fred_Durst,1769
Fred_Eckhard_0002,Fred_Eckhard,1770
Fred_Funk_0002,Fred_Funk,1771
Fred_Wilpon_0001,Fred_Wilpon,1776
Freddy_Garcia_0001,Freddy_Garcia,1778
Freddy_Vasques_Kinchokpe_0001,Freddy_Vasques_Kinchokpe,1779
Frederick_Madden_0001,Frederick_Madden,1780
Fujio_Cho_0002,Fujio_Cho,1784
Gabi_Zimmer_0001,Gabi_Zimmer,1787
Garry_McCoy_0001,Garry_McCoy,1802
Gary_Barnett_0001,Gary_Barnett,1807
Gary_Coleman_0001,Gary_Coleman,1812
Gary_Leon_Ridgway_0001,Gary_Leon_Ridgway,1819
Gary_Locke_0001,Gary_Locke,1820
Gary_Locke_0002,Gary_Locke,1820
Gary_Paer_0001,Gary_Paer,1822
Gavin_Degraw_0001,Gavin_Degraw,1829
Gavyn_Arthur_0001,Gavyn_Arthur,1830
Geno_Auriemma_0001,Geno_Auriemma,1840
George_Blaney_0001,George_Blaney,1846
George_Brumley_III_0001,George_Brumley_III,1849
George_Clooney_0002,George_Clooney,1850
George_Clooney_0005,George_Clooney,1850
George_HW_Bush_0012,George_HW_Bush,1854
George_Robertson_0018,George_Robertson,1866
George_W_Bush_0002,George_W_Bush,1871
George_W_Bush_0023,George_W_Bush,1871
George_W_Bush_0027,George_W_Bush,1871
George_W_Bush_0033,George_W_Bush,1871
George_W_Bush_0041,George_W_Bush,1871
George_W_Bush_0077,George_W_Bush,1871
George_W_Bush_0080,George_W_Bush,1871
George_W_Bush_0085,George_W_Bush,1871
George_W_Bush_0111,George_W_Bush,1871
George_W_Bush_0115,George_W_Bush,1871
George_W_Bush_0120,George_W_Bush,1871
George_W_Bush_0124,George_W_Bush,1871
George_W_Bush_0127,George_W_Bush,1871
George_W_Bush_0143,George_W_Bush,1871
George_W_Bush_0152,George_W_Bush,1871
George_W_Bush_0154,George_W_Bush,1871
George_W_Bush_0160,George_W_Bush,1871
George_W_Bush_0164,George_W_Bush,1871
George_W_Bush_0167,George_W_Bush,1871
George_W_Bush_0188,George_W_Bush,1871
George_W_Bush_0193,George_W_Bush,1871
George_W_Bush_0201,George_W_Bush,1871
George_W_Bush_0203,George_W_Bush,1871
George_W_Bush_0209,George_W_Bush,1871
George_W_Bush_0223,George_W_Bush,1871
George_W_Bush_0256,George_W_Bush,1871
George_W_Bush_0261,George_W_Bush,1871
George_W_Bush_0264,George_W_Bush,1871
George_W_Bush_0268,George_W_Bush,1871
George_W_Bush_0273,George_W_Bush,1871
George_W_Bush_0281,George_W_Bush,1871
George_W_Bush_0290,George_W_Bush,1871
George_W_Bush_0306,George_W_Bush,1871
George_W_Bush_0308,George_W_Bush,1871
George_W_Bush_0333,George_W_Bush,1871
George_W_Bush_0337,George_W_Bush,1871
George_W_Bush_0338,George_W_Bush,1871
George_W_Bush_0347,George_W_Bush,1871
George_W_Bush_0351,George_W_Bush,1871
George_W_Bush_0354,George_W_Bush,1871
George_W_Bush_0355,George_W_Bush,1871
George_W_Bush_0358,George_W_Bush,1871
George_W_Bush_0372,George_W_Bush,1871
George_W_Bush_0373,George_W_Bush,1871
George_W_Bush_0377,George_W_Bush,1871
George_W_Bush_0378,George_W_Bush,1871
George_W_Bush_0388,George_W_Bush,1871
George_W_Bush_0393,George_W_Bush,1871
George_W_Bush_0398,George_W_Bush,1871
George_W_Bush_0406,George_W_Bush,1871
George_W_Bush_0413,George_W_Bush,1871
George_W_Bush_0426,George_W_Bush,1871
George_W_Bush_0441,George_W_Bush,1871
George_W_Bush_0443,George_W_Bush,1871
George_W_Bush_0452,George_W_Bush,1871
George_W_Bush_0465,George_W_Bush,1871
George_W_Bush_0475,George_W_Bush,1871
George_W_Bush_0477,George_W_Bush,1871
George_W_Bush_0483,George_W_Bush,1871
George_W_Bush_0503,George_W_Bush,1871
George_W_Bush_0508,George_W_Bush,1871
George_W_Bush_0516,George_W_Bush,1871
George_W_Bush_0521,George_W_Bush,1871
George_W_Bush_0526,George_W_Bush,1871
Georgia_Giddings_0001,Georgia_Giddings,1873
Geraldine_Chaplin_0003,Geraldine_Chaplin,1882
Gerardo_Gambala_0002,Gerardo_Gambala,1889
Gerhard_Boekel_0001,Gerhard_Boekel,1890
Gerhard_Schroeder_0001,Gerhard_Schroeder,1892
Gerhard_Schroeder_0015,Gerhard_Schroeder,1892
Gerhard_Schroeder_0018,Gerhard_Schroeder,1892
Gerhard_Schroeder_0024,Gerhard_Schroeder,1892
Gerhard_Schroeder_0025,Gerhard_Schroeder,1892
Gerhard_Schroeder_0051,Gerhard_Schroeder,1892
Gerhard_Schroeder_0074,Gerhard_Schroeder,1892
Gerhard_Schroeder_0090,Gerhard_Schroeder,1892
Gerhard_Schroeder_0096,Gerhard_Schroeder,1892
Gerhard_Schroeder_0098,Gerhard_Schroeder,1892
Gerhard_Schroeder_0101,Gerhard_Schroeder,1892
Gerry_Adams_0002,Gerry_Adams,1895
Gerry_Adams_0005,Gerry_Adams,1895
Gideon_Yago_0001,Gideon_Yago,1906
Gil_de_Ferran_0001,Gil_de_Ferran,1908
Gilberto_Rodriguez_Orejuela_0002,Gilberto_Rodriguez_Orejuela,1909
Gilles_Panizzi_0001,Gilles_Panizzi,1911
Gloria_Allred_0002,Gloria_Allred,1931
Gloria_Macapagal_Arroyo_0002,Gloria_Macapagal_Arroyo,1933
Gloria_Macapagal_Arroyo_0010,Gloria_Macapagal_Arroyo,1933
Gloria_Macapagal_Arroyo_0024,Gloria_Macapagal_Arroyo,1933
Gloria_Macapagal_Arroyo_0030,Gloria_Macapagal_Arroyo,1933
Gloria_Macapagal_Arroyo_0036,Gloria_Macapagal_Arroyo,1933
Gloria_Macapagal_Arroyo_0040,Gloria_Macapagal_Arroyo,1933
Gonzalo_Sanchez_de_Lozada_0010,Gonzalo_Sanchez_de_Lozada,1940
Goran_Persson_0002,Goran_Persson,1941
Gordon_Brown_0006,Gordon_Brown,1945
Gordon_Brown_0007,Gordon_Brown,1945
Gordon_Brown_0011,Gordon_Brown,1945
Gordon_Campbell_0002,Gordon_Campbell,1946
Gordon_Cooper_0001,Gordon_Cooper,1947
Grace_Kelly_0001,Grace_Kelly,1954
Graciano_Rocchigiani_0001,Graciano_Rocchigiani,1956
Gray_Davis_0003,Gray_Davis,1964
Gray_Davis_0009,Gray_Davis,1964
Gray_Davis_0021,Gray_Davis,1964
Greg_Owen_0001,Greg_Owen,1972
Greg_Rusedski_0003,Greg_Rusedski,1973
Gregg_Popovich_0005,Gregg_Popovich,1975
Gretchen_Mol_0001,Gretchen_Mol,1982
Gro_Harlem_Brundtland_0001,Gro_Harlem_Brundtland,1984
Guillermo_Coria_0010,Guillermo_Coria,1993
Guillermo_Coria_0011,Guillermo_Coria,1993
Guillermo_Coria_0018,Guillermo_Coria,1993
Guillermo_Coria_0028,Guillermo_Coria,1993
Guillermo_Coria_0030,Guillermo_Coria,1993
Hadley_Bilger_0001,Hadley_Bilger,2015
Hal_Gehman_0001,Hal_Gehman,2016
Hal_Sutton_0002,Hal_Sutton,2019
Halbert_Fillinger_0001,Halbert_Fillinger,2020
Halle_Berry_0016,Halle_Berry,2021
Hamid_Karzai_0006,Hamid_Karzai,2027
Hamid_Karzai_0012,Hamid_Karzai,2027
Hamid_Reza_Asefi_0001,Hamid_Reza_Asefi,2028
Hank_Aaron_0001,Hank_Aaron,2036
Hank_Azaria_0001,Hank_Azaria,2037
Hans_Blix_0015,Hans_Blix,2044
Hans_Blix_0037,Hans_Blix,2044
Hans_Blix_0039,Hans_Blix,2044
Harriet_Lessy_0001,Harriet_Lessy,2054
Harrison_Ford_0003,Harrison_Ford,2055
Harrison_Ford_0005,Harrison_Ford,2055
Harry_Kalas_0001,Harry_Kalas,2057
Harvey_Fierstein_0001,Harvey_Fierstein,2060
Harvey_Weinstein_0001,Harvey_Weinstein,2062
Hashim_Thaci_0002,Hashim_Thaci,2065
Hassan_Nasrallah_0002,Hassan_Nasrallah,2066
Heath_Ledger_0003,Heath_Ledger,2073
Hector_Grullon_0001,Hector_Grullon,2080
Hee-Won_Han_0001,Hee-Won_Han,2083
Heizo_Takenaka_0005,Heizo_Takenaka,2088
Hermann_Maier_0002,Hermann_Maier,2116
Hillary_Clinton_0001,Hillary_Clinton,2131
Hillary_Clinton_0008,Hillary_Clinton,2131
Hillary_Clinton_0011,Hillary_Clinton,2131
Hilmi_Ozkok_0002,Hilmi_Ozkok,2133
Himmler_Rebu_0001,Himmler_Rebu,2134
Hipolito_Mejia_0004,Hipolito_Mejia,2135
Hiroyuki_Yoshino_0001,Hiroyuki_Yoshino,2137
Hisao_Oguchi_0001,Hisao_Oguchi,2138
Hisham_Halawi_0001,Hisham_Halawi,2140
Hitomi_Soga_0002,Hitomi_Soga,2141
Holly_Hunter_0001,Holly_Hunter,2145
Holly_Hunter_0003,Holly_Hunter,2145
Hootie_Johnson_0001,Hootie_Johnson,2148
Horace_Donovan_Reid_0001,Horace_Donovan_Reid,2149
Hosni_Mubarak_0008,Hosni_Mubarak,2154
Howard_Dean_0001,Howard_Dean,2155
Howard_Ross_0001,Howard_Ross,2156
Hu_Jintao_0004,Hu_Jintao,2163
Hugh_Grant_0001,Hugh_Grant,2171
Hugo_Chavez_0010,Hugo_Chavez,2175
Hugo_Chavez_0016,Hugo_Chavez,2175
Hugo_Chavez_0039,Hugo_Chavez,2175
Hugo_Chavez_0046,Hugo_Chavez,2175
Hugo_Chavez_0056,Hugo_Chavez,2175
Iain_Duncan_Smith_0004,Iain_Duncan_Smith,2190
Ian_Campbell_0001,Ian_Campbell,2192
Ibrahim_Rugova_0001,Ibrahim_Rugova,2206
Igor_Ivanov_0007,Igor_Ivanov,2210
Igor_Ivanov_0016,Igor_Ivanov,2210
Igor_Ivanov_0020,Igor_Ivanov,2210
Ilham_Aliev_0001,Ilham_Aliev,2214
Inam-ul-Haq_0002,Inam-ul-Haq,2222
Inocencio_Arias_0002,Inocencio_Arias,2226
Irina_Lobacheva_0001,Irina_Lobacheva,2235
Irwan_Fadzi_Idris_0001,Irwan_Fadzi_Idris,2238
Isabelle_Huppert_0002,Isabelle_Huppert,2242
Isaiah_Washington_0002,Isaiah_Washington,2243
Ishaq_Shahryar_0001,Ishaq_Shahryar,2244
Ishaq_Shahryar_0002,Ishaq_Shahryar,2244
Itamar_Franco_0001,Itamar_Franco,2252
Iva_Majoli_0002,Iva_Majoli,2254
Iveta_Benesova_0001,Iveta_Benesova,2260
JC_Chasez_0001,JC_Chasez,2263
Jack_Smith_0001,Jack_Smith,2275
Jack_Straw_0010,Jack_Straw,2276
Jack_Straw_0022,Jack_Straw,2276
Jack_Straw_0025,Jack_Straw,2276
Jack_Welch_0001,Jack_Welch,2278
Jacqueline_Obradors_0002,Jacqueline_Obradors,2287
Jacques_Chirac_0003,Jacques_Chirac,2288
Jacques_Chirac_0011,Jacques_Chirac,2288
Jacques_Chirac_0027,Jacques_Chirac,2288
Jacques_Chirac_0037,Jacques_Chirac,2288
Jacques_Rogge_0002,Jacques_Rogge,2290
Jacques_Rogge_0007,Jacques_Rogge,2290
Jake_Plummer_0001,Jake_Plummer,2299
James_Caan_0003,James_Caan,2312
James_Comey_0001,James_Comey,2317
James_Cunningham_0003,James_Cunningham,2319
James_Gandolfini_0002,James_Gandolfini,2322
James_Gandolfini_0003,James_Gandolfini,2322
James_Jones_0001,James_Jones,2331
James_Kelly_0007,James_Kelly,2332
James_Kopp_0001,James_Kopp,2334
James_Maguire_0001,James_Maguire,2337
James_Wolfensohn_0003,James_Wolfensohn,2361
Jamie_Cooke_0001,Jamie_Cooke,2364
Jamling_Norgay_0002,Jamling_Norgay,2373
Jan-Michael_Gambill_0002,Jan-Michael_Gambill,2374
Jan_Pronk_0001,Jan_Pronk,2380
Jana_Henke_0001,Jana_Henke,2383
Janette_Husarova_0001,Janette_Husarova,2404
Janica_Kostelic_0001,Janica_Kostelic,2406
Javier_Bardem_0001,Javier_Bardem,2434
Jawad_Boulus_0001,Jawad_Boulus,2443
Jay_Garner_0004,Jay_Garner,2444
Jay_Rasulo_0001,Jay_Rasulo,2446
Jean-Claude_Juncker_0001,Jean-Claude_Juncker,2451
Jean-David_Levitte_0002,Jean-David_Levitte,2454
Jean-Marc_de_La_Sabliere_0002,Jean-Marc_de_La_Sabliere,2459
Jean_Charest_0001,Jean_Charest,2467
Jean_Charest_0002,Jean_Charest,2467
Jean_Charest_0007,Jean_Charest,2467
Jean_Charest_0008,Jean_Charest,2467
Jean_Charest_0009,Jean_Charest,2467
Jean_Chretien_0010,Jean_Chretien,2468
Jean_Chretien_0015,Jean_Chretien,2468
Jean_Chretien_0017,Jean_Chretien,2468
Jean_Chretien_0019,Jean_Chretien,2468
Jean_Chretien_0029,Jean_Chretien,2468
Jean_Chretien_0038,Jean_Chretien,2468
Jean_Chretien_0043,Jean_Chretien,2468
Jeb_Bush_0002,Jeb_Bush,2477
Jeb_Bush_0003,Jeb_Bush,2477
Jeb_Bush_0004,Jeb_Bush,2477
Jeffrey_Ashby_0001,Jeffrey_Ashby,2492
Jeffrey_Donaldson_0001,Jeffrey_Donaldson,2493
Jeffrey_Katzenberg_0001,Jeffrey_Katzenberg,2496
Jeffrey_Pfeffer_0001,Jeffrey_Pfeffer,2497
Jeffrey_Scott_Postell_0001,Jeffrey_Scott_Postell,2498
Jennette_Bradley_0001,Jennette_Bradley,2503
Jennifer_Aniston_0013,Jennifer_Aniston,2506
Jennifer_Aniston_0019,Jennifer_Aniston,2506
Jennifer_Capriati_0026,Jennifer_Capriati,2507
Jennifer_Capriati_0031,Jennifer_Capriati,2507
Jennifer_Garner_0003,Jennifer_Garner,2510
Jennifer_Garner_0010,Jennifer_Garner,2510
Jennifer_Lopez_0010,Jennifer_Lopez,2514
Jennifer_Lopez_0016,Jennifer_Lopez,2514
Jennifer_McCoy_0001,Jennifer_McCoy,2516
Jeong_Se-hyun_0001,Jeong_Se-hyun,2526
Jeremy_Greenstock_0010,Jeremy_Greenstock,2530
Jeremy_Greenstock_0012,Jeremy_Greenstock,2530
Jerry_Seinfeld_0001,Jerry_Seinfeld,2548
Jessica_Capshaw_0001,Jessica_Capshaw,2563
Jessica_Lynch_0001,Jessica_Lynch,2565
Jia_Qinglin_0001,Jia_Qinglin,2569
Jiang_Zemin_0002,Jiang_Zemin,2570
Jiang_Zemin_0007,Jiang_Zemin,2570
Jiang_Zemin_0009,Jiang_Zemin,2570
Jim_Carrey_0001,Jim_Carrey,2579
Jim_Taylor_0001,Jim_Taylor,2607
Jimmy_Carter_0004,Jimmy_Carter,2614
Jiri_Novak_0006,Jiri_Novak,2623
Joan_Collins_0001,Joan_Collins,2627
Joan_Laporta_0006,Joan_Laporta,2630
Jodie_Foster_0003,Jodie_Foster,2640
Joe_Calzaghe_0002,Joe_Calzaghe,2644
Joe_Lieberman_0008,Joe_Lieberman,2659
Joe_Torre_0003,Joe_Torre,2669
Joey_Buttafuoco_0001,Joey_Buttafuoco,2674
John_Abizaid_0004,John_Abizaid,2679
John_Allen_Muhammad_0007,John_Allen_Muhammad,2680
John_Allen_Muhammad_0009,John_Allen_Muhammad,2680
John_Ashcroft_0010,John_Ashcroft,2682
John_Ashcroft_0020,John_Ashcroft,2682
John_Ashcroft_0040,John_Ashcroft,2682
John_Ashcroft_0046,John_Ashcroft,2682
John_Bolton_0007,John_Bolton,2688
John_Bolton_0011,John_Bolton,2688
John_Bolton_0017,John_Bolton,2688
John_Darby_0001,John_Darby,2701
John_Duprey_0001,John_Duprey,2702
John_Engler_0001,John_Engler,2707
John_Fenn_0001,John_Fenn,2709
John_Howard_0008,John_Howard,2721
John_Howard_0015,John_Howard,2721
John_Howard_0017,John_Howard,2721
John_Howard_0019,John_Howard,2721
John_Kerry_0001,John_Kerry,2725
John_Kerry_0008,John_Kerry,2725
John_Kerry_0013,John_Kerry,2725
John_Kerry_0014,John_Kerry,2725
John_Leguizamo_0001,John_Leguizamo,2727
John_Lennon_0001,John_Lennon,2728
John_Lisowski_0001,John_Lisowski,2729
John_Lynch_0001,John_Lynch,2731
John_Malkovich_0001,John_Malkovich,2734
John_Manley_0004,John_Manley,2735
John_Negroponte_0007,John_Negroponte,2746
John_Negroponte_0019,John_Negroponte,2746
John_Negroponte_0025,John_Negroponte,2746
John_Paul_II_0002,John_Paul_II,2750
John_Paul_II_0003,John_Paul_II,2750
John_Rusnak_0001,John_Rusnak,2764
John_Snow_0007,John_Snow,2768
John_Snow_0014,John_Snow,2768
John_Travolta_0003,John_Travolta,2779
John_Walsh_0001,John_Walsh,2782
John_Wolf_0001,John_Wolf,2787
Jon_Gruden_0004,Jon_Gruden,2801
Joschka_Fischer_0004,Joschka_Fischer,2828
Joschka_Fischer_0015,Joschka_Fischer,2828
Jose_Canseco_0003,Jose_Canseco,2832
Jose_Maria_Aznar_0003,Jose_Maria_Aznar,2846
Jose_Maria_Aznar_0011,Jose_Maria_Aznar,2846
Jose_Maria_Aznar_0012,Jose_Maria_Aznar,2846
Jose_Maria_Aznar_0020,Jose_Maria_Aznar,2846
Jose_Maria_Aznar_0022,Jose_Maria_Aznar,2846
Jose_Santos_0001,Jose_Santos,2850
Jose_Theodore_0001,Jose_Theodore,2853
Joseph_Estrada_0004,Joseph_Estrada,2860
Joseph_Fiennes_0001,Joseph_Fiennes,2861
Joseph_Ralston_0001,Joseph_Ralston,2869
Joseph_Ralston_0002,Joseph_Ralston,2869
Joshua_Perper_0001,Joshua_Perper,2878
Juan_Carlos_Ferrero_0003,Juan_Carlos_Ferrero,2884
Juan_Carlos_Ferrero_0005,Juan_Carlos_Ferrero,2884
Juan_Pablo_Montoya_0006,Juan_Pablo_Montoya,2892
Juanes_0002,Juanes,2897
Juergen_Schrempp_0001,Juergen_Schrempp,2911
Julian_Fantino_0001,Julian_Fantino,2918
Julianne_Moore_0006,Julianne_Moore,2920
Julianne_Moore_0009,Julianne_Moore,2920
Julianne_Moore_0012,Julianne_Moore,2920
Julianne_Moore_0013,Julianne_Moore,2920
Julie_Gerberding_0015,Julie_Gerberding,2922
Julio_Rossi_0001,Julio_Rossi,2934
Junichiro_Koizumi_0003,Junichiro_Koizumi,2941
Junichiro_Koizumi_0019,Junichiro_Koizumi,2941
Junichiro_Koizumi_0024,Junichiro_Koizumi,2941
Junichiro_Koizumi_0042,Junichiro_Koizumi,2941
Junichiro_Koizumi_0043,Junichiro_Koizumi,2941
Junichiro_Koizumi_0057,Junichiro_Koizumi,2941
Justin_Gatlin_0002,Justin_Gatlin,2943
Justin_Leonard_0001,Justin_Leonard,2945
Justin_Timberlake_0004,Justin_Timberlake,2947
Justine_Henin_0002,Justine_Henin,2949
Justine_Pasek_0002,Justine_Pasek,2950
Kamal_Kharrazi_0001,Kamal_Kharrazi,2957
Kamal_Kharrazi_0003,Kamal_Kharrazi,2957
Karen_Mok_0001,Karen_Mok,2966
Karol_Kucera_0001,Karol_Kucera,2973
Kate_Hudson_0006,Kate_Hudson,2978
Kate_Richardson_0001,Kate_Richardson,2981
Kate_Winslet_0001,Kate_Winslet,2983
Katerina_Smrzova_0001,Katerina_Smrzova,2984
Katharine_Hepburn_0001,Katharine_Hepburn,2985
Katherine_Harris_0003,Katherine_Harris,2986
Kathryn_Grayson_0001,Kathryn_Grayson,2992
Kathy_Baker_0001,Kathy_Baker,2995
Katie_Couric_0001,Katie_Couric,3000
Keanu_Reeves_0003,Keanu_Reeves,3011
Keanu_Reeves_0008,Keanu_Reeves,3011
Keith_Fotta_0001,Keith_Fotta,3017
Keizo_Yamada_0001,Keizo_Yamada,3028
Kelli_White_0001,Kelli_White,3029
Kelly_Clarkson_0001,Kelly_Clarkson,3032
Kelvin_Sampson_0001,Kelvin_Sampson,3038
Kelvin_Sampson_0002,Kelvin_Sampson,3038
Kelvin_Sampson_0003,Kelvin_Sampson,3038
Kenneth_Evans_0001,Kenneth_Evans,3054
Kent_Rominger_0001,Kent_Rominger,3060
Kevin_Crane_0001,Kevin_Crane,3063
Khalid_Qazi_0001,Khalid_Qazi,3081
Kim_Clijsters_0003,Kim_Clijsters,3091
Kim_Clijsters_0012,Kim_Clijsters,3091
Kim_Ryong-sung_0001,Kim_Ryong-sung,3100
Kim_Ryong-sung_0005,Kim_Ryong-sung,3100
Kim_Ryong-sung_0010,Kim_Ryong-sung,3100
Kimi_Raikkonen_0003,Kimi_Raikkonen,3107
King_Abdullah_II_0001,King_Abdullah_II,3109
Kirsten_Gilham_0001,Kirsten_Gilham,3120
Kjell_Magne_Bondevik_0002,Kjell_Magne_Bondevik,3123
Kofi_Annan_0006,Kofi_Annan,3127
Kofi_Annan_0018,Kofi_Annan,3127
Kostya_Tszyu_0001,Kostya_Tszyu,3133
Kristin_Scott_0001,Kristin_Scott,3141
Kurt_Russell_0002,Kurt_Russell,3148
Kurt_Warner_0004,Kurt_Warner,3153
Lance_Armstrong_0016,Lance_Armstrong,3166
Larry_Brown_0006,Larry_Brown,3176
Larry_Harris_0001,Larry_Harris,3186
Larry_Lucchino_0001,Larry_Lucchino,3189
Larry_Lucchino_0002,Larry_Lucchino,3189
Larry_Pleau_0001,Larry_Pleau,3191
Laura_Bush_0028,Laura_Bush,3202
Laura_Pausini_0001,Laura_Pausini,3210
Lauren_Killian_0001,Lauren_Killian,3216
Laurie_Pirtle_0001,Laurie_Pirtle,3225
LeBron_James_0001,LeBron_James,3233
LeBron_James_0004,LeBron_James,3233
LeBron_James_0005,LeBron_James,3233
Lee_Ann_Knight_0001,Lee_Ann_Knight,3242
Lennart_Johansson_0001,Lennart_Johansson,3267
Lennox_Lewis_0002,Lennox_Lewis,3268
Lenny_Wilkens_0002,Lenny_Wilkens,3270
Lesley_McCulloch_0002,Lesley_McCulloch,3287
Lester_Holt_0001,Lester_Holt,3292
Leszek_Miller_0001,Leszek_Miller,3293
Leuris_Pupo_0001,Leuris_Pupo,3296
Li_Peng_0003,Li_Peng,3301
Li_Zhaoxing_0002,Li_Zhaoxing,3303
Li_Zhaoxing_0008,Li_Zhaoxing,3303
Lim_Dong-won_0001,Lim_Dong-won,3312
Linda_Ham_0001,Linda_Ham,3322
Linda_Sanchez_0001,Linda_Sanchez,3325
Lindsay_Davenport_0005,Lindsay_Davenport,3327
Lionel_Chalmers_0001,Lionel_Chalmers,3334
Lisa_Ling_0001,Lisa_Ling,3340
Lisa_Marie_Presley_0002,Lisa_Marie_Presley,3341
Liza_Minnelli_0004,Liza_Minnelli,3350
Liza_Minnelli_0006,Liza_Minnelli,3350
Lleyton_Hewitt_0003,Lleyton_Hewitt,3351
Lleyton_Hewitt_0004,Lleyton_Hewitt,3351
Lleyton_Hewitt_0010,Lleyton_Hewitt,3351
Lleyton_Hewitt_0018,Lleyton_Hewitt,3351
Lleyton_Hewitt_0019,Lleyton_Hewitt,3351
Lleyton_Hewitt_0037,Lleyton_Hewitt,3351
Lois_Smart_0001,Lois_Smart,3356
Lou_Piniella_0001,Lou_Piniella,3368
Louisa_Baileche_0001,Louisa_Baileche,3372
Lucia_Kenny_Anthony_0001,Lucia_Kenny_Anthony,3377
Lucie_Lapovsky_0001,Lucie_Lapovsky,3380
Luiz_Inacio_Lula_da_Silva_0001,Luiz_Inacio_Lula_da_Silva,3401
Luiz_Inacio_Lula_da_Silva_0009,Luiz_Inacio_Lula_da_Silva,3401
Luiz_Inacio_Lula_da_Silva_0034,Luiz_Inacio_Lula_da_Silva,3401
Luiz_Inacio_Lula_da_Silva_0045,Luiz_Inacio_Lula_da_Silva,3401
Luiz_Inacio_Lula_da_Silva_0046,Luiz_Inacio_Lula_da_Silva,3401
Lyle_Vanclief_0002,Lyle_Vanclief,3410
Lynn_Abraham_0001,Lynn_Abraham,3411
Lynne_Cheney_0001,Lynne_Cheney,3413
Madonna_0003,Madonna,3422
Maha_Habib_0001,Maha_Habib,3429
Mahathir_Mohamad_0008,Mahathir_Mohamad,3430
Mahathir_Mohamad_0009,Mahathir_Mohamad,3430
Mahathir_Mohamad_0014,Mahathir_Mohamad,3430
Mahmoud_Abbas_0001,Mahmoud_Abbas,3434
Mahmoud_Abbas_0014,Mahmoud_Abbas,3434
Manijeh_Hekmat_0001,Manijeh_Hekmat,3448
Manuel_Gehring_0001,Manuel_Gehring,3449
Marco_Antonio_Barrera_0001,Marco_Antonio_Barrera,3472
Maria_Conchita_Alonso_0001,Maria_Conchita_Alonso,3492
Maria_Soledad_Alvear_Valenzuela_0005,Maria_Soledad_Alvear_Valenzuela,3500
Mariah_Carey_0007,Mariah_Carey,3502
Mariangel_Ruiz_Torrealba_0003,Mariangel_Ruiz_Torrealba,3508
Marie-Reine_Le_Gougne_0002,Marie-Reine_Le_Gougne,3513
Mario_Cipollini_0002,Mario_Cipollini,3524
Mario_Kreutzberger_0001,Mario_Kreutzberger,3529
Mark_Cuban_0001,Mark_Cuban,3545
Mark_Foley_0001,Mark_Foley,3548
Mark_Hanson_0001,Mark_Hanson,3553
Mark_Mishkin_0001,Mark_Mishkin,3564
Mark_Philippoussis_0003,Mark_Philippoussis,3566
Mark_Philippoussis_0008,Mark_Philippoussis,3566
Mark_Richt_0003,Mark_Richt,3570
Mark_Swartz_0001,Mark_Swartz,3578
Marquier_Montano_Contreras_0001,Marquier_Montano_Contreras,3585
Martha_Sahagun_de_Fox_0001,Martha_Sahagun_de_Fox,3597
Martha_Smith_0001,Martha_Smith,3598
Martie_Maguire_0001,Martie_Maguire,3600
Martin_Brodeur_0001,Martin_Brodeur,3603
Martin_Cauchon_0001,Martin_Cauchon,3606
Martin_McGuinness_0005,Martin_McGuinness,3617
Martin_Sheen_0002,Martin_Sheen,3621
Marty_Mornhinweg_0002,Marty_Mornhinweg,3627
Mary-Kate_Olsen_0001,Mary-Kate_Olsen,3631
Mary_Frances_Seiter_0001,Mary_Frances_Seiter,3639
Mary_Hill_0001,Mary_Hill,3640
Mary_Jo_Myers_0001,Mary_Jo_Myers,3641
Mary_Landrieu_0001,Mary_Landrieu,3643
Mary_Lou_Retton_0001,Mary_Lou_Retton,3645
Mary_Tyler_Moore_0001,Mary_Tyler_Moore,3652
Matt_Roney_0001,Matt_Roney,3673
Matthew_Ouimet_0001,Matthew_Ouimet,3680
Matthew_Perry_0005,Matthew_Perry,3681
Matthew_Perry_0006,Matthew_Perry,3681
Maureen_Kanka_0001,Maureen_Kanka,3686
Maurice_Strong_0001,Maurice_Strong,3689
Max_Mayfield_0002,Max_Mayfield,3695
Megawati_Sukarnoputri_0013,Megawati_Sukarnoputri,3704
Megawati_Sukarnoputri_0023,Megawati_Sukarnoputri,3704
Mehmet_Ali_Sahin_0001,Mehmet_Ali_Sahin,3707
Melissa_Etheridge_0001,Melissa_Etheridge,3720
Melissa_Etheridge_0002,Melissa_Etheridge,3720
Meryl_Streep_0005,Meryl_Streep,3728
Meryl_Streep_0009,Meryl_Streep,3728
Meryl_Streep_0012,Meryl_Streep,3728
Mesut_Yilmaz_0002,Mesut_Yilmaz,3729
Mian_Khursheed_Mehmood_Kasuri_0003,Mian_Khursheed_Mehmood_Kasuri,3731
Michael_Bloomberg_0007,Michael_Bloomberg,3737
Michael_Bloomberg_0008,Michael_Bloomberg,3737
Michael_Bloomberg_0010,Michael_Bloomberg,3737
Michael_Bloomberg_0016,Michael_Bloomberg,3737
Michael_Caine_0003,Michael_Caine,3743
Michael_Chertoff_0001,Michael_Chertoff,3746
Michael_Douglas_0002,Michael_Douglas,3756
Michael_Jackson_0005,Michael_Jackson,3767
Michael_Jackson_0012,Michael_Jackson,3767
Michael_Jasny_0001,Michael_Jasny,3768
Michael_Kors_0001,Michael_Kors,3774
Michael_Kostelnik_0001,Michael_Kostelnik,3775
Michael_McNeely_0001,Michael_McNeely,3780
Michael_Patrick_King_0002,Michael_Patrick_King,3786
Michael_Pfleger_0001,Michael_Pfleger,3788
Michael_Powell_0002,Michael_Powell,3791
Michael_Powell_0003,Michael_Powell,3791
Michael_Powell_0004,Michael_Powell,3791
Michael_Schumacher_0001,Michael_Schumacher,3794
Michael_Shelby_0001,Michael_Shelby,3797
Michael_Taylor_0001,Michael_Taylor,3801
Michelle_Collins_0002,Michelle_Collins,3818
Michelle_Kwan_0001,Michelle_Kwan,3820
Michelle_Pfeiffer_0001,Michelle_Pfeiffer,3822
Mick_McCarthy_0001,Mick_McCarthy,3826
Miguel_Contreras_0001,Miguel_Contreras,3835
Miguel_Rosseto_0001,Miguel_Rosseto,3841
Mike_Babcock_0002,Mike_Babcock,3844
Mike_Weir_0011,Mike_Weir,3885
Mikhail_Wehbe_0004,Mikhail_Wehbe,3891
Mikhail_Youzhny_0002,Mikhail_Youzhny,3892
Milan_Kucan_0001,Milan_Kucan,3894
Miroljub_0002,Miroljub,3914
Mitchell_Swartz_0001,Mitchell_Swartz,3924
Mohammad_Aktar_0001,Mohammad_Aktar,3937
Molly_Sims_0001,Molly_Sims,3953
Monica_Gabrielle_0001,Monica_Gabrielle,3960
Monica_Lewinsky_0002,Monica_Lewinsky,3961
Monica_Seles_0004,Monica_Seles,3962
Monique_Garbrecht-Enfeldt_0001,Monique_Garbrecht-Enfeldt,3967
Monique_Garbrecht-Enfeldt_0003,Monique_Garbrecht-Enfeldt,3967
Morgan_Fairchild_0001,Morgan_Fairchild,3970
Morris_Watts_0001,Morris_Watts,3974
Moshe_Katsav_0001,Moshe_Katsav,3975
Mstislav_Rostropovich_0001,Mstislav_Rostropovich,3978
Muammar_Gaddafi_0001,Muammar_Gaddafi,3979
Muffet_McGraw_0001,Muffet_McGraw,3980
Muhammad_Ali_0003,Muhammad_Ali,3982
Munir_Akram_0001,Munir_Akram,3987
Nabil_Shaath_0001,Nabil_Shaath,3991
Nadine_Vinzens_0001,Nadine_Vinzens,3994
Nan_Wang_0002,Nan_Wang,3998
Nan_Wang_0004,Nan_Wang,3998
Nancy_Pelosi_0004,Nancy_Pelosi,4003
Nancy_Pelosi_0009,Nancy_Pelosi,4003
Nancy_Pelosi_0010,Nancy_Pelosi,4003
Naomi_Watts_0003,Naomi_Watts,4012
Naomi_Watts_0014,Naomi_Watts,4012
Naomi_Watts_0016,Naomi_Watts,4012
Naoto_Kan_0004,Naoto_Kan,4013
Nasser_al-Kidwa_0001,Nasser_al-Kidwa,4016
Natalie_Coughlin_0005,Natalie_Coughlin,4024
Natalie_Maines_0001,Natalie_Maines,4027
Natalie_Maines_0002,Natalie_Maines,4027
Natasha_Lyonne_0001,Natasha_Lyonne,4034
Nelson_Mandela_0001,Nelson_Mandela,4053
Nestor_Kirchner_0002,Nestor_Kirchner,4057
Nestor_Kirchner_0013,Nestor_Kirchner,4057
Nestor_Kirchner_0024,Nestor_Kirchner,4057
Nia_Vardalos_0003,Nia_Vardalos,4061
Nicanor_Duarte_Frutos_0008,Nicanor_Duarte_Frutos,4063
Nicklas_Lidstrom_0001,Nicklas_Lidstrom,4075
Nicolas_Cage_0002,Nicolas_Cage,4078
Nicolas_Massu_0001,Nicolas_Massu,4085
Nida_Blanca_0001,Nida_Blanca,4092
Noel_Forgeard_0001,Noel_Forgeard,4106
Noer_Moeis_0001,Noer_Moeis,4109
Norah_Jones_0006,Norah_Jones,4116
Norah_Jones_0010,Norah_Jones,4116
Normand_Legault_0001,Normand_Legault,4124
Olesya_Bonabarenko_0001,Olesya_Bonabarenko,4138
Omar_Sharif_0004,Omar_Sharif,4148
Omar_Vizquel_0001,Omar_Vizquel,4149
Oscar_DLeon_0001,Oscar_DLeon,4160
Osrat_Iosef_0001,Osrat_Iosef,4165
Oswaldo_Paya_0001,Oswaldo_Paya,4167
Otto_Schily_0001,Otto_Schily,4169
Paige_Fitzgerald_0001,Paige_Fitzgerald,4182
Paradorn_Srichaphan_0002,Paradorn_Srichaphan,4187
Pascal_Affi_Nguessan_0001,Pascal_Affi_Nguessan,4194
Pascal_Quignard_0002,Pascal_Quignard,4196
Pat_Summitt_0001,Pat_Summitt,4204
Patrick_Rafter_0001,Patrick_Rafter,4225
Patrik_Kristiansson_0001,Patrik_Kristiansson,4228
Patsy_Hardy_0001,Patsy_Hardy,4229
Patsy_Kensit_0001,Patsy_Kensit,4230
Patti_Smith_0001,Patti_Smith,4235
Patty_Schnyder_0003,Patty_Schnyder,4237
Paul_Bremer_0004,Paul_Bremer,4242
Paul_Bremer_0013,Paul_Bremer,4242
Paul_Bremer_0014,Paul_Bremer,4242
Paul_Bremer_0019,Paul_Bremer,4242
Paul_Coppin_0001,Paul_Coppin,4248
Paul_Ebert_0001,Paul_Ebert,4251
Paul_Gascoigne_0002,Paul_Gascoigne,4254
Paul_Henderson_0001,Paul_Henderson,4256
Paul_Li_Calsi_0001,Paul_Li_Calsi,4264
Paul_Luvera_0001,Paul_Luvera,4267
Paul_McCartney_0002,Paul_McCartney,4269
Paul_ONeill_0007,Paul_ONeill,4274
Paul_Pierce_0001,Paul_Pierce,4277
Paul_Pierce_0002,Paul_Pierce,4277
Paul_Reiser_0001,Paul_Reiser,4278
Paul_Schrader_0001,Paul_Schrader,4280
Paul_Shanley_0002,Paul_Shanley,4281
Paul_Wolfowitz_0005,Paul_Wolfowitz,4290
Paul_Wolfowitz_0007,Paul_Wolfowitz,4290
Paula_Radcliffe_0002,Paula_Radcliffe,4296
Pedro_Mahecha_0001,Pedro_Mahecha,4307
Pernilla_Bjorn_0001,Pernilla_Bjorn,4322
Perry_Farrell_0001,Perry_Farrell,4325
Pervez_Musharraf_0006,Pervez_Musharraf,4327
Pervez_Musharraf_0013,Pervez_Musharraf,4327
Pervez_Musharraf_0018,Pervez_Musharraf,4327
Pete_Sampras_0007,Pete_Sampras,4333
Pete_Sampras_0020,Pete_Sampras,4333
Pete_Sampras_0022,Pete_Sampras,4333
Peter_Ahearn_0001,Peter_Ahearn,4334
Peter_Arnett_0001,Peter_Arnett,4336
Peter_Arnett_0002,Peter_Arnett,4336
Peter_Bacanovic_0002,Peter_Bacanovic,4337
Peter_Camejo_0001,Peter_Camejo,4338
Peter_OToole_0001,Peter_OToole,4365
Phan_Van_Khai_0002,Phan_Van_Khai,4377
Phil_Cullen_0001,Phil_Cullen,4382
Phil_Jackson_0001,Phil_Jackson,4385
Phoenix_Chang_0001,Phoenix_Chang,4400
Pierce_Brosnan_0001,Pierce_Brosnan,4403
Piotr_Anderszewski_0001,Piotr_Anderszewski,4415
Placido_Domingo_0002,Placido_Domingo,4416
Prince_Edward_0002,Prince_Edward,4426
Prince_Felipe_0001,Prince_Felipe,4427
Prince_Harry_0002,Prince_Harry,4428
Prince_Naruhito_0001,Prince_Naruhito,4429
Princess_Caroline_0001,Princess_Caroline,4436
Princess_Caroline_0004,Princess_Caroline,4436
Princess_Elisabeth_0001,Princess_Elisabeth,4438
Priscilla_Presley_0001,Priscilla_Presley,4446
Pupi_Avati_0003,Pupi_Avati,4449
Rachel_Griffiths_0002,Rachel_Griffiths,4468
Rachel_Griffiths_0003,Rachel_Griffiths,4468
Rachel_Hunter_0003,Rachel_Hunter,4469
Rachel_Leigh_Cook_0001,Rachel_Leigh_Cook,4471
Ralf_Schumacher_0006,Ralf_Schumacher,4492
Ralf_Schumacher_0007,Ralf_Schumacher,4492
Ralph_Goodale_0001,Ralph_Goodale,4496
Ralph_Klein_0002,Ralph_Klein,4497
Ralph_Sampson_0001,Ralph_Sampson,4500
Rand_Miller_0001,Rand_Miller,4508
Randy_Ferbey_0001,Randy_Ferbey,4513
Ranil_Wickremasinghe_0002,Ranil_Wickremasinghe,4518
Raoul_Ruiz_0004,Raoul_Ruiz,4519
Raquel_Welch_0001,Raquel_Welch,4520
Ray_Evernham_0001,Ray_Evernham,4533
Ray_Halbritter_0001,Ray_Halbritter,4534
Ray_Romano_0003,Ray_Romano,4541
Ray_Romano_0004,Ray_Romano,4541
Ray_Romano_0005,Ray_Romano,4541
Raymond_Arthurs_0001,Raymond_Arthurs,4545
Raymond_Odierno_0001,Raymond_Odierno,4546
Raza_Rabbani_0001,Raza_Rabbani,4547
Rebecca_Romijn-Stamos_0003,Rebecca_Romijn-Stamos,4549
Recep_Tayyip_Erdogan_0009,Recep_Tayyip_Erdogan,4551
Recep_Tayyip_Erdogan_0010,Recep_Tayyip_Erdogan,4551
Recep_Tayyip_Erdogan_0023,Recep_Tayyip_Erdogan,4551
Ren_Qingjin_0001,Ren_Qingjin,4561
Renee_Zellweger_0003,Renee_Zellweger,4566
Rhett_Warrener_0001,Rhett_Warrener,4570
Ricardo_Lagos_0011,Ricardo_Lagos,4572
Ricardo_Lagos_0019,Ricardo_Lagos,4572
Ricardo_Sanchez_0003,Ricardo_Sanchez,4577
Richard_Barry_0001,Richard_Barry,4582
Richard_Carl_0001,Richard_Carl,4585
Richard_Gephardt_0009,Richard_Gephardt,4592
Richard_Harris_0001,Richard_Harris,4597
Richard_Myers_0008,Richard_Myers,4606
Richard_Myers_0012,Richard_Myers,4606
Richard_Myers_0013,Richard_Myers,4606
Richard_Myers_0016,Richard_Myers,4606
Richard_Parsons_0001,Richard_Parsons,4610
Rick_Barnes_0001,Rick_Barnes,4625
Rick_Carlisle_0001,Rick_Carlisle,4628
Rick_Pitino_0002,Rick_Pitino,4634
Rick_Pitino_0004,Rick_Pitino,4634
Rick_Romley_0001,Rick_Romley,4637
Rick_Stansbury_0002,Rick_Stansbury,4639
Riek_Blanjaar_0001,Riek_Blanjaar,4648
Rita_Grande_0003,Rita_Grande,4653
Rob_Lowe_0003,Rob_Lowe,4656
Rob_Marshall_0004,Rob_Marshall,4657
Rob_Schneider_0001,Rob_Schneider,4662
Robbie_Coltrane_0001,Robbie_Coltrane,4663
Robbie_Fowler_0001,Robbie_Fowler,4664
Robby_Ginepri_0002,Robby_Ginepri,4668
Robert_Blake_0008,Robert_Blake,4672
Robert_Bonner_0001,Robert_Bonner,4673
Robert_De_Niro_0005,Robert_De_Niro,4676
Robert_Duvall_0003,Robert_Duvall,4680
Robert_Hyatt_0001,Robert_Hyatt,4690
Robert_Kocharian_0003,Robert_Kocharian,4692
Robert_Pollack_0001,Robert_Pollack,4703
Robert_Tyrrell_0001,Robert_Tyrrell,4709
Robert_Zoellick_0007,Robert_Zoellick,4716
Roberta_Combs_0001,Roberta_Combs,4717
Robinson_Stevenin_0002,Robinson_Stevenin,4738
Roger_Corbett_0001,Roger_Corbett,4757
Roger_Federer_0003,Roger_Federer,4760
Roger_Federer_0004,Roger_Federer,4760
Roger_Federer_0009,Roger_Federer,4760
Roger_King_0001,Roger_King,4762
Roger_Lyons_0001,Roger_Lyons,4763
Roh_Moo-hyun_0008,Roh_Moo-hyun,4773
Ron_Dittemore_0006,Ron_Dittemore,4789
Ronald_Brower_0001,Ronald_Brower,4795
Ronaldo_Luis_Nazario_de_Lima_0004,Ronaldo_Luis_Nazario_de_Lima,4805
Rosario_Dawson_0001,Rosario_Dawson,4812
Rosemarie_Stack_0002,Rosemarie_Stack,4816
Ruben_Studdard_0002,Ruben_Studdard,4831
Rubens_Barrichello_0002,Rubens_Barrichello,4833
Rudolph_Giuliani_0009,Rudolph_Giuliani,4836
Rudolph_Giuliani_0014,Rudolph_Giuliani,4836
Rulon_Gardner_0001,Rulon_Gardner,4839
Rupert_Grint_0001,Rupert_Grint,4840
Ryan_Drese_0001,Ryan_Drese,4853
Sachiko_Yamada_0004,Sachiko_Yamada,4863
Saddam_Hussein_0012,Saddam_Hussein,4867
Salma_Hayek_0002,Salma_Hayek,4878
Salman_Khan_0001,Salman_Khan,4879
Santiago_Botero_0001,Santiago_Botero,4908
Saparmurat_Niyazov_0001,Saparmurat_Niyazov,4910
Sarah_Hughes_0001,Sarah_Hughes,4914
Sarah_Hughes_0003,Sarah_Hughes,4914
Sarah_Hughes_0005,Sarah_Hughes,4914
Sarah_Michelle_Gellar_0001,Sarah_Michelle_Gellar,4916
Scott_Hamilton_0001,Scott_Hamilton,4929
Scott_McClellan_0005,Scott_McClellan,4932
Scott_OGrady_0001,Scott_OGrady,4934
Scott_Peterson_0001,Scott_Peterson,4935
Sean_Combs_0001,Sean_Combs,4948
Sean_Hayes_0001,Sean_Hayes,4949
Sean_OKeefe_0004,Sean_OKeefe,4950
Sean_Penn_0001,Sean_Penn,4953
Sean_Penn_0002,Sean_Penn,4953
Sebastian_Saja_0002,Sebastian_Saja,4957
Sebastien_Grosjean_0002,Sebastien_Grosjean,4958
Sebastien_Grosjean_0004,Sebastien_Grosjean,4958
Serena_Williams_0006,Serena_Williams,4963
Serena_Williams_0014,Serena_Williams,4963
Serena_Williams_0019,Serena_Williams,4963
Serena_Williams_0022,Serena_Williams,4963
Serena_Williams_0034,Serena_Williams,4963
Serena_Williams_0036,Serena_Williams,4963
Serena_Williams_0037,Serena_Williams,4963
Serena_Williams_0042,Serena_Williams,4963
Sergey_Lavrov_0004,Sergey_Lavrov,4972
Sergey_Lavrov_0006,Sergey_Lavrov,4972
Sergey_Lavrov_0009,Sergey_Lavrov,4972
Sergio_Vieira_De_Mello_0001,Sergio_Vieira_De_Mello,4975
Severino_Antinori_0001,Severino_Antinori,4977
Shane_Hmiel_0001,Shane_Hmiel,4983
Shanna_Zolman_0001,Shanna_Zolman,4990
Sharon_Osbourne_0002,Sharon_Osbourne,4996
Shavon_Earp_0001,Shavon_Earp,5003
Sheila_Copps_0001,Sheila_Copps,5008
Sheila_Taormina_0001,Sheila_Taormina,5010
Sheryl_Crow_0003,Sheryl_Crow,5016
Sid_Caesar_0001,Sid_Caesar,5031
Sila_Calderon_0004,Sila_Calderon,5035
Silvan_Shalom_0002,Silvan_Shalom,5036
Silvio_Berlusconi_0005,Silvio_Berlusconi,5039
Silvio_Berlusconi_0012,Silvio_Berlusconi,5039
Silvio_Berlusconi_0020,Silvio_Berlusconi,5039
Silvio_Berlusconi_0032,Silvio_Berlusconi,5039
Sohail_Abbas_0001,Sohail_Abbas,5054
Spencer_Abraham_0014,Spencer_Abraham,5065
Spencer_Abraham_0015,Spencer_Abraham,5065
Stefaan_Declerk_0001,Stefaan_Declerk,5082
Stephane_Delajoux_0001,Stephane_Delajoux,5099
Stephane_Rousseau_0001,Stephane_Rousseau,5101
Stephanie_Zimbalist_0001,Stephanie_Zimbalist,5104
Stephen_Ambrose_0001,Stephen_Ambrose,5105
Steve_Austin_0001,Steve_Austin,5129
Steve_Fehr_0001,Steve_Fehr,5140
Steve_Lavin_0005,Steve_Lavin,5144
Steve_Lavin_0006,Steve_Lavin,5144
Steve_Nash_0003,Steve_Nash,5148
Steve_Pagliuca_0001,Steve_Pagliuca,5150
Steven_Briggs_0001,Steven_Briggs,5164
Steven_Spielberg_0005,Steven_Spielberg,5171
Steven_Spielberg_0006,Steven_Spielberg,5171
Sue_Guevara_0001,Sue_Guevara,5181
Sun_Myung_Moon_0001,Sun_Myung_Moon,5189
Susan_Whelan_0001,Susan_Whelan,5198
Suzanne_Gaudet_0002,Suzanne_Gaudet,5203
Suzie_McConnell_Serio_0001,Suzie_McConnell_Serio,5208
Talal_Keenaan_0001,Talal_Keenaan,5242
Talisa_Bratt_0001,Talisa_Bratt,5244
Tamara_Brooks_0001,Tamara_Brooks,5246
Tang_Jiaxuan_0001,Tang_Jiaxuan,5252
Tassos_Papadopoulos_0002,Tassos_Papadopoulos,5262
Tatiana_Kennedy_Schlossberg_0001,Tatiana_Kennedy_Schlossberg,5264
Tatiana_Panova_0001,Tatiana_Panova,5265
Taufik_Hidayat_0001,Taufik_Hidayat,5271
Taylyn_Solomon_0001,Taylyn_Solomon,5275
Ted_Nolan_0001,Ted_Nolan,5281
Teri_Files_0001,Teri_Files,5291
Terry_Hoeppner_0001,Terry_Hoeppner,5301
Thaksin_Shinawatra_0004,Thaksin_Shinawatra,5312
Thierry_Falise_0001,Thierry_Falise,5320
Thomas_OBrien_0007,Thomas_OBrien,5338
Thomas_OBrien_0008,Thomas_OBrien,5338
Thomas_Stewart_0001,Thomas_Stewart,5341
Thomas_Watjen_0001,Thomas_Watjen,5344
Tiger_Woods_0010,Tiger_Woods,5354
Tiger_Woods_0017,Tiger_Woods,5354
Tim_Chapman_0002,Tim_Chapman,5357
Tim_Floyd_0001,Tim_Floyd,5362
Tim_Henman_0005,Tim_Henman,5363
Tim_Henman_0012,Tim_Henman,5363
Tim_Henman_0015,Tim_Henman,5363
Tim_Matheson_0001,Tim_Matheson,5368
Tim_Pawlenty_0001,Tim_Pawlenty,5370
Tim_Welsh_0001,Tim_Welsh,5373
Tom_Coverdale_0001,Tom_Coverdale,5403
Tom_Craddick_0003,Tom_Craddick,5404
Tom_Daschle_0001,Tom_Daschle,5408
Tom_Daschle_0006,Tom_Daschle,5408
Tom_Harkin_0004,Tom_Harkin,5415
Tom_Harkin_0005,Tom_Harkin,5415
Tom_Jones_0001,Tom_Jones,5417
Tom_OBrien_0001,Tom_OBrien,5424
Tom_Poston_0001,Tom_Poston,5426
Tom_Ridge_0006,Tom_Ridge,5428
Tom_Ridge_0021,Tom_Ridge,5428
Tom_Ridge_0025,Tom_Ridge,5428
Tom_Ridge_0028,Tom_Ridge,5428
Tom_Ridge_0029,Tom_Ridge,5428
Tom_Welch_0001,Tom_Welch,5437
Tommy_Amaker_0001,Tommy_Amaker,5440
Tommy_Franks_0001,Tommy_Franks,5441
Tommy_Haas_0004,Tommy_Haas,5442
Tommy_Thompson_0001,Tommy_Thompson,5448
Tommy_Thompson_0009,Tommy_Thompson,5448
Tomoko_Hagiwara_0001,Tomoko_Hagiwara,5450
Tonga_0001,Tonga,5452
Tonino_Guerra_0001,Tonino_Guerra,5455
Tony_Bennett_0002,Tony_Bennett,5457
Tony_Bennett_0003,Tony_Bennett,5457
Tony_Blair_0001,Tony_Blair,5458
Tony_Blair_0008,Tony_Blair,5458
Tony_Blair_0017,Tony_Blair,5458
Tony_Blair_0029,Tony_Blair,5458
Tony_Blair_0048,Tony_Blair,5458
Tony_Blair_0058,Tony_Blair,5458
Tony_Blair_0078,Tony_Blair,5458
Tony_Blair_0079,Tony_Blair,5458
Tony_Blair_0085,Tony_Blair,5458
Tony_Blair_0088,Tony_Blair,5458
Tony_Blair_0089,Tony_Blair,5458
Tony_Blair_0111,Tony_Blair,5458
Tony_Blair_0118,Tony_Blair,5458
Tony_Blair_0119,Tony_Blair,5458
Tony_Blair_0127,Tony_Blair,5458
Tony_Blair_0135,Tony_Blair,5458
Tony_Blair_0143,Tony_Blair,5458
Tony_Cummo_0001,Tony_Cummo,5460
Tony_Stewart_0002,Tony_Stewart,5467
Torri_Edwards_0002,Torri_Edwards,5471
Tung_Chee-hwa_0005,Tung_Chee-hwa,5496
Tung_Chee-hwa_0009,Tung_Chee-hwa,5496
Uma_Thurman_0003,Uma_Thurman,5508
Uri_Lopolianski_0001,Uri_Lopolianski,5509
Valdas_Adamkus_0001,Valdas_Adamkus,5520
Valentino_Rossi_0001,Valentino_Rossi,5523
Valerie_Harper_0002,Valerie_Harper,5525
Valerie_Thwaites_0001,Valerie_Thwaites,5526
Vanessa_Redgrave_0004,Vanessa_Redgrave,5532
Vanessa_Williams_0001,Vanessa_Williams,5533
Veronica_Lake_0001,Veronica_Lake,5538
Vicente_Fox_0003,Vicente_Fox,5541
Vicente_Fox_0012,Vicente_Fox,5541
Vicente_Fox_0020,Vicente_Fox,5541
Vicki_Zhao_Wei_0002,Vicki_Zhao_Wei,5543
Viola_Davis_0001,Viola_Davis,5563
Vladimir_Putin_0009,Vladimir_Putin,5569
Vladimir_Putin_0017,Vladimir_Putin,5569
Vladimir_Putin_0021,Vladimir_Putin,5569
Walter_Mondale_0001,Walter_Mondale,5583
Wayne_Ferreira_0003,Wayne_Ferreira,5600
Wayne_Ferreira_0004,Wayne_Ferreira,5600
Wayne_Gretzky_0002,Wayne_Gretzky,5601
Wayne_Gretzky_0004,Wayne_Gretzky,5601
Wendell_Bryant_0001,Wendell_Bryant,5606
Wesley_Clark_0001,Wesley_Clark,5611
Will_Smith_0001,Will_Smith,5619
William_Cocksedge_0001,William_Cocksedge,5624
William_Ford_Jr_0002,William_Ford_Jr,5627
William_Ragland_0001,William_Ragland,5644
William_Shatner_0001,William_Shatner,5647
Wilson_Alvarez_0001,Wilson_Alvarez,5655
Win_Aung_0001,Win_Aung,5658
Winona_Ryder_0004,Winona_Ryder,5659
Winona_Ryder_0008,Winona_Ryder,5659
Winona_Ryder_0019,Winona_Ryder,5659
Wu_Peng_0001,Wu_Peng,5668
Yana_Klochkova_0001,Yana_Klochkova,5678
Yao_Ming_0003,Yao_Ming,5684
Yishan_Zhang_0001,Yishan_Zhang,5694
Yoko_Ono_0005,Yoko_Ono,5697
Yoko_Ono_0006,Yoko_Ono,5697
Yoon_Jin-Sik_0001,Yoon_Jin-Sik,5701
Yoriko_Kawaguchi_0007,Yoriko_Kawaguchi,5704
Yoriko_Kawaguchi_0008,Yoriko_Kawaguchi,5704
Yu_Shyi-kun_0002,Yu_Shyi-kun,5709
Yuri_Fedotov_0002,Yuri_Fedotov,5712
Zafarullah_Khan_Jamali_0001,Zafarullah_Khan_Jamali,5722
Zhu_Rongji_0001,Zhu_Rongji,5738
Zhu_Rongji_0006,Zhu_Rongji,5738
Zico_0002,Zico,5739
Zinedine_Zidane_0003,Zinedine_Zidane,5740
Zoe_Ball_0001,Zoe_Ball,5742
Zoran_Djindjic_0001,Zoran_Djindjic,5743
Zoran_Djindjic_0004,Zoran_Djindjic,5743
Zurab_Tsereteli_0001,Zurab_Tsereteli,5747
